Dataset,#TrainingRelease,%Training,%Defective in training,%Defective in testing,Classifier,Balancing,Feature Selection,Sensitivity,TP,FP,TN,FN,Precision,Recall,AUC,Kappa
BOOKKEEPER,1,0.49834437086092714,0.0,0.3465346534653465,RANDOM FOREST,NO,NO,NO,0,0,198,105,NaN,0.0,0.5,0.0
BOOKKEEPER,2,0.5650140318054256,0.173841059602649,0.06236559139784946,RANDOM FOREST,NO,NO,NO,14,4,432,15,0.7777777777777778,0.4827586206896552,0.9027206580196141,0.5754648983710534
BOOKKEEPER,3,0.6439759036144578,0.1253507951356408,0.10152284263959391,RANDOM FOREST,NO,NO,NO,19,7,524,41,0.7307692307692307,0.31666666666666665,0.9366603892027621,0.40535781662683945
BOOKKEEPER,4,0.7283896445809566,0.11686746987951807,0.7253634894991923,RANDOM FOREST,NO,NO,NO,48,0,170,401,1.0,0.10690423162583519,0.4221276038254946,0.06169222685501943
BOOKKEEPER,1,0.49834437086092714,0.0,0.3465346534653465,NAIVE BAYES,NO,NO,NO,1,1,197,104,0.5,0.009523809523809525,0.3154160654160654,0.005812318365051087
BOOKKEEPER,2,0.5650140318054256,0.173841059602649,0.06236559139784946,NAIVE BAYES,NO,NO,NO,2,2,434,27,0.5,0.06896551724137931,0.44570547295159757,0.10772182888903524
BOOKKEEPER,3,0.6439759036144578,0.1253507951356408,0.10152284263959391,NAIVE BAYES,NO,NO,NO,8,1,530,52,0.8888888888888888,0.13333333333333333,0.7706528562460766,0.21098768230937806
BOOKKEEPER,4,0.7283896445809566,0.11686746987951807,0.7253634894991923,NAIVE BAYES,NO,NO,NO,194,91,79,255,0.6807017543859649,0.43207126948775054,0.4121053321105725,-0.07941899846786551
BOOKKEEPER,1,0.49834437086092714,0.0,0.3465346534653465,IBK,NO,NO,NO,0,0,198,105,NaN,0.0,0.5052669552669553,0.0
BOOKKEEPER,2,0.5650140318054256,0.173841059602649,0.06236559139784946,IBK,NO,NO,NO,17,90,346,12,0.1588785046728972,0.5862068965517241,0.6825767162290415,0.16839078444436664
BOOKKEEPER,3,0.6439759036144578,0.1253507951356408,0.10152284263959391,IBK,NO,NO,NO,13,27,504,47,0.325,0.21666666666666667,0.5917608286252354,0.19458563535911622
BOOKKEEPER,4,0.7283896445809566,0.11686746987951807,0.7253634894991923,IBK,NO,NO,NO,66,22,148,383,0.75,0.14699331848552338,0.5087907768898206,0.010592827345596943
BOOKKEEPER,1,0.49834437086092714,0.0,0.3465346534653465,RANDOM FOREST,NO,NO,SENSITIVE THRESHOLD,0,0,198,105,NaN,0.0,0.5,0.0
BOOKKEEPER,2,0.5650140318054256,0.173841059602649,0.06236559139784946,RANDOM FOREST,NO,NO,SENSITIVE THRESHOLD,0,0,436,29,NaN,0.0,0.5,0.0
BOOKKEEPER,3,0.6439759036144578,0.1253507951356408,0.10152284263959391,RANDOM FOREST,NO,NO,SENSITIVE THRESHOLD,0,1,530,60,0.0,0.0,0.4990583804143126,-0.003339734491108612
BOOKKEEPER,4,0.7283896445809566,0.11686746987951807,0.7253634894991923,RANDOM FOREST,NO,NO,SENSITIVE THRESHOLD,5,0,170,444,1.0,0.011135857461024499,0.5055679287305123,0.006147481702201538
BOOKKEEPER,1,0.49834437086092714,0.0,0.3465346534653465,NAIVE BAYES,NO,NO,SENSITIVE THRESHOLD,1,1,197,104,0.5,0.009523809523809525,0.5022366522366523,0.005812318365051087
BOOKKEEPER,2,0.5650140318054256,0.173841059602649,0.06236559139784946,NAIVE BAYES,NO,NO,SENSITIVE THRESHOLD,0,0,436,29,NaN,0.0,0.5,0.0
BOOKKEEPER,3,0.6439759036144578,0.1253507951356408,0.10152284263959391,NAIVE BAYES,NO,NO,SENSITIVE THRESHOLD,4,0,531,56,1.0,0.06666666666666667,0.5333333333333333,0.11375321336760952
BOOKKEEPER,4,0.7283896445809566,0.11686746987951807,0.7253634894991923,NAIVE BAYES,NO,NO,SENSITIVE THRESHOLD,94,14,156,355,0.8703703703703703,0.20935412026726058,0.563500589545395,0.07824083228745875
BOOKKEEPER,1,0.49834437086092714,0.0,0.3465346534653465,IBK,NO,NO,SENSITIVE THRESHOLD,0,0,198,105,NaN,0.0,0.5,0.0
BOOKKEEPER,2,0.5650140318054256,0.173841059602649,0.06236559139784946,IBK,NO,NO,SENSITIVE THRESHOLD,17,90,346,12,0.1588785046728972,0.5862068965517241,0.6898924391015502,0.16839078444436664
BOOKKEEPER,3,0.6439759036144578,0.1253507951356408,0.10152284263959391,IBK,NO,NO,SENSITIVE THRESHOLD,13,27,504,47,0.325,0.21666666666666667,0.582909604519774,0.19458563535911622
BOOKKEEPER,4,0.7283896445809566,0.11686746987951807,0.7253634894991923,IBK,NO,NO,SENSITIVE THRESHOLD,66,22,148,383,0.75,0.14699331848552338,0.5087907768898206,0.010592827345596943
BOOKKEEPER,1,0.49834437086092714,0.0,0.3465346534653465,RANDOM FOREST,NO,NO,SENSITIVE LEARNING,0,0,198,105,NaN,0.0,0.5,0.0
BOOKKEEPER,2,0.5650140318054256,0.173841059602649,0.06236559139784946,RANDOM FOREST,NO,NO,SENSITIVE LEARNING,0,0,436,29,NaN,0.0,0.8332015185068017,0.0
BOOKKEEPER,3,0.6439759036144578,0.1253507951356408,0.10152284263959391,RANDOM FOREST,NO,NO,SENSITIVE LEARNING,0,0,531,60,NaN,0.0,0.9358443188951664,0.0
BOOKKEEPER,4,0.7283896445809566,0.11686746987951807,0.7253634894991923,RANDOM FOREST,NO,NO,SENSITIVE LEARNING,0,0,170,449,NaN,0.0,0.6765360932791825,0.0
BOOKKEEPER,1,0.49834437086092714,0.0,0.3465346534653465,NAIVE BAYES,NO,NO,SENSITIVE LEARNING,1,1,197,104,0.5,0.009523809523809525,0.3154160654160654,0.005812318365051087
BOOKKEEPER,2,0.5650140318054256,0.173841059602649,0.06236559139784946,NAIVE BAYES,NO,NO,SENSITIVE LEARNING,0,0,436,29,NaN,0.0,0.4161262258778867,0.0
BOOKKEEPER,3,0.6439759036144578,0.1253507951356408,0.10152284263959391,NAIVE BAYES,NO,NO,SENSITIVE LEARNING,3,0,531,57,1.0,0.05,0.6903013182674199,0.08640468635587062
BOOKKEEPER,4,0.7283896445809566,0.11686746987951807,0.7253634894991923,NAIVE BAYES,NO,NO,SENSITIVE LEARNING,76,13,157,373,0.8539325842696629,0.16926503340757237,0.3559085549587318,0.05596997234294749
BOOKKEEPER,1,0.49834437086092714,0.0,0.3465346534653465,IBK,NO,NO,SENSITIVE LEARNING,0,0,198,105,NaN,0.0,0.5052669552669553,0.0
BOOKKEEPER,2,0.5650140318054256,0.173841059602649,0.06236559139784946,IBK,NO,NO,SENSITIVE LEARNING,17,90,346,12,0.1588785046728972,0.5862068965517241,0.6825767162290415,0.16839078444436664
BOOKKEEPER,3,0.6439759036144578,0.1253507951356408,0.10152284263959391,IBK,NO,NO,SENSITIVE LEARNING,13,27,504,47,0.325,0.21666666666666667,0.5917608286252354,0.19458563535911622
BOOKKEEPER,4,0.7283896445809566,0.11686746987951807,0.7253634894991923,IBK,NO,NO,SENSITIVE LEARNING,66,22,148,383,0.75,0.14699331848552338,0.5087907768898206,0.010592827345596943
BOOKKEEPER,1,0.49834437086092714,0.0,0.3465346534653465,RANDOM FOREST,UNDERSAMPLING,NO,NO,0,0,198,105,NaN,0.0,0.5,0.0
BOOKKEEPER,2,0.5650140318054256,0.173841059602649,0.06236559139784946,RANDOM FOREST,UNDERSAMPLING,NO,NO,22,94,342,7,0.1896551724137931,0.7586206896551724,0.9073078139829168,0.22623852908710504
BOOKKEEPER,3,0.6439759036144578,0.1253507951356408,0.10152284263959391,RANDOM FOREST,UNDERSAMPLING,NO,NO,45,101,430,15,0.3082191780821918,0.75,0.8504394224733208,0.3422370617696162
BOOKKEEPER,4,0.7283896445809566,0.11686746987951807,0.7253634894991923,RANDOM FOREST,UNDERSAMPLING,NO,NO,143,23,147,306,0.8614457831325302,0.3184855233853007,0.5259006943534652,0.12074243255028771
BOOKKEEPER,1,0.49834437086092714,0.0,0.3465346534653465,NAIVE BAYES,UNDERSAMPLING,NO,NO,1,1,197,104,0.5,0.009523809523809525,0.3154160654160654,0.005812318365051087
BOOKKEEPER,2,0.5650140318054256,0.173841059602649,0.06236559139784946,NAIVE BAYES,UNDERSAMPLING,NO,NO,22,109,327,7,0.16793893129770993,0.7586206896551724,0.8477538753559001,0.19253914553456455
BOOKKEEPER,3,0.6439759036144578,0.1253507951356408,0.10152284263959391,NAIVE BAYES,UNDERSAMPLING,NO,NO,50,409,122,10,0.10893246187363835,0.8333333333333334,0.8049905838041431,0.015974631331735843
BOOKKEEPER,4,0.7283896445809566,0.11686746987951807,0.7253634894991923,NAIVE BAYES,UNDERSAMPLING,NO,NO,127,20,150,322,0.8639455782312925,0.2828507795100223,0.5144438621773877,0.1064503330266168
BOOKKEEPER,1,0.49834437086092714,0.0,0.3465346534653465,IBK,UNDERSAMPLING,NO,NO,0,0,198,105,NaN,0.0,0.5052669552669553,0.0
BOOKKEEPER,2,0.5650140318054256,0.173841059602649,0.06236559139784946,IBK,UNDERSAMPLING,NO,NO,23,127,309,6,0.15333333333333332,0.7931034482758621,0.7504745333755141,0.17025558462467308
BOOKKEEPER,3,0.6439759036144578,0.1253507951356408,0.10152284263959391,IBK,UNDERSAMPLING,NO,NO,44,110,421,16,0.2857142857142857,0.7333333333333333,0.7630885122410546,0.3104616923162399
BOOKKEEPER,4,0.7283896445809566,0.11686746987951807,0.7253634894991923,IBK,UNDERSAMPLING,NO,NO,327,152,18,122,0.6826722338204593,0.7282850779510023,0.41708371544608935,-0.1754522142906644
BOOKKEEPER,1,0.49834437086092714,0.0,0.3465346534653465,RANDOM FOREST,UNDERSAMPLING,NO,SENSITIVE THRESHOLD,0,0,198,105,NaN,0.0,0.5,0.0
BOOKKEEPER,2,0.5650140318054256,0.173841059602649,0.06236559139784946,RANDOM FOREST,UNDERSAMPLING,NO,SENSITIVE THRESHOLD,1,0,436,28,1.0,0.034482758620689655,0.5172413793103449,0.06276993953354494
BOOKKEEPER,3,0.6439759036144578,0.1253507951356408,0.10152284263959391,RANDOM FOREST,UNDERSAMPLING,NO,SENSITIVE THRESHOLD,4,1,530,56,0.8,0.06666666666666667,0.5323917137476459,0.10916303054343579
BOOKKEEPER,4,0.7283896445809566,0.11686746987951807,0.7253634894991923,RANDOM FOREST,UNDERSAMPLING,NO,SENSITIVE THRESHOLD,25,0,170,424,1.0,0.0556792873051225,0.5278396436525612,0.03137040700335111
BOOKKEEPER,1,0.49834437086092714,0.0,0.3465346534653465,NAIVE BAYES,UNDERSAMPLING,NO,SENSITIVE THRESHOLD,1,1,197,104,0.5,0.009523809523809525,0.5022366522366523,0.005812318365051087
BOOKKEEPER,2,0.5650140318054256,0.173841059602649,0.06236559139784946,NAIVE BAYES,UNDERSAMPLING,NO,SENSITIVE THRESHOLD,21,98,338,8,0.17647058823529413,0.7241379310344828,0.749683644416324,0.2039471559158889
BOOKKEEPER,3,0.6439759036144578,0.1253507951356408,0.10152284263959391,NAIVE BAYES,UNDERSAMPLING,NO,SENSITIVE THRESHOLD,48,145,386,12,0.24870466321243523,0.8,0.7634651600753296,0.26571069062937736
BOOKKEEPER,4,0.7283896445809566,0.11686746987951807,0.7253634894991923,NAIVE BAYES,UNDERSAMPLING,NO,SENSITIVE THRESHOLD,83,2,168,366,0.9764705882352941,0.18485523385300667,0.5865452639853269,0.10394310350253329
BOOKKEEPER,1,0.49834437086092714,0.0,0.3465346534653465,IBK,UNDERSAMPLING,NO,SENSITIVE THRESHOLD,0,0,198,105,NaN,0.0,0.5,0.0
BOOKKEEPER,2,0.5650140318054256,0.173841059602649,0.06236559139784946,IBK,UNDERSAMPLING,NO,SENSITIVE THRESHOLD,23,127,309,6,0.15333333333333332,0.7931034482758621,0.7509095223030686,0.17025558462467308
BOOKKEEPER,3,0.6439759036144578,0.1253507951356408,0.10152284263959391,IBK,UNDERSAMPLING,NO,SENSITIVE THRESHOLD,44,110,421,16,0.2857142857142857,0.7333333333333333,0.7630885122410546,0.3104616923162399
BOOKKEEPER,4,0.7283896445809566,0.11686746987951807,0.7253634894991923,IBK,UNDERSAMPLING,NO,SENSITIVE THRESHOLD,327,152,18,122,0.6826722338204593,0.7282850779510023,0.41708371544608935,-0.1754522142906644
BOOKKEEPER,1,0.49834437086092714,0.0,0.3465346534653465,RANDOM FOREST,UNDERSAMPLING,NO,SENSITIVE LEARNING,0,0,198,105,NaN,0.0,0.5,0.0
BOOKKEEPER,2,0.5650140318054256,0.173841059602649,0.06236559139784946,RANDOM FOREST,UNDERSAMPLING,NO,SENSITIVE LEARNING,22,21,415,7,0.5116279069767442,0.7586206896551724,0.9046583359696299,0.5798102368811724
BOOKKEEPER,3,0.6439759036144578,0.1253507951356408,0.10152284263959391,RANDOM FOREST,UNDERSAMPLING,NO,SENSITIVE LEARNING,53,16,515,7,0.7681159420289855,0.8833333333333333,0.9602636534839925,0.7999823422946186
BOOKKEEPER,4,0.7283896445809566,0.11686746987951807,0.7253634894991923,RANDOM FOREST,UNDERSAMPLING,NO,SENSITIVE LEARNING,103,11,159,346,0.9035087719298246,0.22939866369710468,0.5498886414253897,0.10215134586084308
BOOKKEEPER,1,0.49834437086092714,0.0,0.3465346534653465,NAIVE BAYES,UNDERSAMPLING,NO,SENSITIVE LEARNING,1,1,197,104,0.5,0.009523809523809525,0.3154160654160654,0.005812318365051087
BOOKKEEPER,2,0.5650140318054256,0.173841059602649,0.06236559139784946,NAIVE BAYES,UNDERSAMPLING,NO,SENSITIVE LEARNING,25,124,312,4,0.16778523489932887,0.8620689655172413,0.8320151850680164,0.1970645370170517
BOOKKEEPER,3,0.6439759036144578,0.1253507951356408,0.10152284263959391,NAIVE BAYES,UNDERSAMPLING,NO,SENSITIVE LEARNING,4,1,530,56,0.8,0.06666666666666667,0.6928436911487759,0.10916303054343579
BOOKKEEPER,4,0.7283896445809566,0.11686746987951807,0.7253634894991923,NAIVE BAYES,UNDERSAMPLING,NO,SENSITIVE LEARNING,366,148,22,83,0.7120622568093385,0.8151447661469933,0.5156884580112668,-0.06291767329492641
BOOKKEEPER,1,0.49834437086092714,0.0,0.3465346534653465,IBK,UNDERSAMPLING,NO,SENSITIVE LEARNING,0,0,198,105,NaN,0.0,0.5052669552669553,0.0
BOOKKEEPER,2,0.5650140318054256,0.173841059602649,0.06236559139784946,IBK,UNDERSAMPLING,NO,SENSITIVE LEARNING,16,36,400,13,0.3076923076923077,0.5517241379310345,0.7345776652957925,0.3424052642211898
BOOKKEEPER,3,0.6439759036144578,0.1253507951356408,0.10152284263959391,IBK,UNDERSAMPLING,NO,SENSITIVE LEARNING,51,30,501,9,0.6296296296296297,0.85,0.8967514124293785,0.6868810368015652
BOOKKEEPER,4,0.7283896445809566,0.11686746987951807,0.7253634894991923,IBK,UNDERSAMPLING,NO,SENSITIVE LEARNING,40,2,168,409,0.9523809523809523,0.08908685968819599,0.5386610769029215,0.04434043416362086
BOOKKEEPER,1,0.49834437086092714,0.0,0.3465346534653465,RANDOM FOREST,OVERSAMPLING,NO,NO,0,0,198,105,NaN,0.0,0.5,0.0
BOOKKEEPER,2,0.5650140318054256,0.173841059602649,0.06236559139784946,RANDOM FOREST,OVERSAMPLING,NO,NO,20,83,353,9,0.1941747572815534,0.6896551724137931,0.8947722239797532,0.22788145688192601
BOOKKEEPER,3,0.6439759036144578,0.1253507951356408,0.10152284263959391,RANDOM FOREST,OVERSAMPLING,NO,NO,37,58,473,23,0.3894736842105263,0.6166666666666667,0.8653797865662273,0.40314194875631204
BOOKKEEPER,4,0.7283896445809566,0.11686746987951807,0.7253634894991923,RANDOM FOREST,OVERSAMPLING,NO,NO,109,23,147,340,0.8257575757575758,0.24276169265033407,0.4548866762740731,0.06804560706420083
BOOKKEEPER,1,0.49834437086092714,0.0,0.3465346534653465,NAIVE BAYES,OVERSAMPLING,NO,NO,1,1,197,104,0.5,0.009523809523809525,0.26654641654641653,0.005812318365051087
BOOKKEEPER,2,0.5650140318054256,0.173841059602649,0.06236559139784946,NAIVE BAYES,OVERSAMPLING,NO,NO,3,7,429,26,0.3,0.10344827586206896,0.47939734261309713,0.12589005981201976
BOOKKEEPER,3,0.6439759036144578,0.1253507951356408,0.10152284263959391,NAIVE BAYES,OVERSAMPLING,NO,NO,9,0,531,51,1.0,0.15,0.7879158819836786,0.24076173203355195
BOOKKEEPER,4,0.7283896445809566,0.11686746987951807,0.7253634894991923,NAIVE BAYES,OVERSAMPLING,NO,NO,134,18,152,315,0.881578947368421,0.2984409799554566,0.49762871741124065,0.12481158952628828
BOOKKEEPER,1,0.49834437086092714,0.0,0.3465346534653465,IBK,OVERSAMPLING,NO,NO,0,0,198,105,NaN,0.0,0.43845598845598843,0.0
BOOKKEEPER,2,0.5650140318054256,0.173841059602649,0.06236559139784946,IBK,OVERSAMPLING,NO,NO,18,107,329,11,0.144,0.6206896551724138,0.6980385953812085,0.14745183343691737
BOOKKEEPER,3,0.6439759036144578,0.1253507951356408,0.10152284263959391,IBK,OVERSAMPLING,NO,NO,28,68,463,32,0.2916666666666667,0.4666666666666667,0.6644381669805398,0.267440130893946
BOOKKEEPER,4,0.7283896445809566,0.11686746987951807,0.7253634894991923,IBK,OVERSAMPLING,NO,NO,145,91,79,304,0.614406779661017,0.32293986636971045,0.3764836892440718,-0.15285236718893658
BOOKKEEPER,1,0.49834437086092714,0.0,0.3465346534653465,RANDOM FOREST,OVERSAMPLING,NO,SENSITIVE THRESHOLD,0,0,198,105,NaN,0.0,0.5,0.0
BOOKKEEPER,2,0.5650140318054256,0.173841059602649,0.06236559139784946,RANDOM FOREST,OVERSAMPLING,NO,SENSITIVE THRESHOLD,10,2,434,19,0.8333333333333334,0.3448275862068966,0.6701202151217969,0.46839784419402225
BOOKKEEPER,3,0.6439759036144578,0.1253507951356408,0.10152284263959391,RANDOM FOREST,OVERSAMPLING,NO,SENSITIVE THRESHOLD,18,5,526,42,0.782608695652174,0.3,0.6452919020715631,0.39997407815436425
BOOKKEEPER,4,0.7283896445809566,0.11686746987951807,0.7253634894991923,RANDOM FOREST,OVERSAMPLING,NO,SENSITIVE THRESHOLD,38,0,170,411,1.0,0.08463251670378619,0.5423162583518931,0.04832996046070571
BOOKKEEPER,1,0.49834437086092714,0.0,0.3465346534653465,NAIVE BAYES,OVERSAMPLING,NO,SENSITIVE THRESHOLD,1,1,197,104,0.5,0.009523809523809525,0.5022366522366523,0.005812318365051087
BOOKKEEPER,2,0.5650140318054256,0.173841059602649,0.06236559139784946,NAIVE BAYES,OVERSAMPLING,NO,SENSITIVE THRESHOLD,1,2,434,28,0.3333333333333333,0.034482758620689655,0.5149478013286934,0.0514075887392889
BOOKKEEPER,3,0.6439759036144578,0.1253507951356408,0.10152284263959391,NAIVE BAYES,OVERSAMPLING,NO,SENSITIVE THRESHOLD,5,0,531,55,1.0,0.08333333333333333,0.5416666666666666,0.14042046806822694
BOOKKEEPER,4,0.7283896445809566,0.11686746987951807,0.7253634894991923,NAIVE BAYES,OVERSAMPLING,NO,SENSITIVE THRESHOLD,91,4,166,358,0.9578947368421052,0.2026726057906459,0.58957159701297,0.10877156698193503
BOOKKEEPER,1,0.49834437086092714,0.0,0.3465346534653465,IBK,OVERSAMPLING,NO,SENSITIVE THRESHOLD,0,0,198,105,NaN,0.0,0.5,0.0
BOOKKEEPER,2,0.5650140318054256,0.173841059602649,0.06236559139784946,IBK,OVERSAMPLING,NO,SENSITIVE THRESHOLD,18,87,349,11,0.17142857142857143,0.6206896551724138,0.710574185384372,0.1894343649946639
BOOKKEEPER,3,0.6439759036144578,0.1253507951356408,0.10152284263959391,IBK,OVERSAMPLING,NO,SENSITIVE THRESHOLD,28,68,463,32,0.2916666666666667,0.4666666666666667,0.6693032015065913,0.267440130893946
BOOKKEEPER,4,0.7283896445809566,0.11686746987951807,0.7253634894991923,IBK,OVERSAMPLING,NO,SENSITIVE THRESHOLD,145,91,79,304,0.614406779661017,0.32293986636971045,0.39382287436132585,-0.15285236718893658
BOOKKEEPER,1,0.49834437086092714,0.0,0.3465346534653465,RANDOM FOREST,OVERSAMPLING,NO,SENSITIVE LEARNING,0,0,198,105,NaN,0.0,0.5,0.0
BOOKKEEPER,2,0.5650140318054256,0.173841059602649,0.06236559139784946,RANDOM FOREST,OVERSAMPLING,NO,SENSITIVE LEARNING,10,11,425,19,0.47619047619047616,0.3448275862068966,0.7702863018032269,0.3668300653594763
BOOKKEEPER,3,0.6439759036144578,0.1253507951356408,0.10152284263959391,RANDOM FOREST,OVERSAMPLING,NO,SENSITIVE LEARNING,8,6,525,52,0.5714285714285714,0.13333333333333333,0.8832391713747646,0.18490512198601786
BOOKKEEPER,4,0.7283896445809566,0.11686746987951807,0.7253634894991923,RANDOM FOREST,OVERSAMPLING,NO,SENSITIVE LEARNING,13,9,161,436,0.5909090909090909,0.028953229398663696,0.4954277479365911,-0.013473489015537557
BOOKKEEPER,1,0.49834437086092714,0.0,0.3465346534653465,NAIVE BAYES,OVERSAMPLING,NO,SENSITIVE LEARNING,1,1,197,104,0.5,0.009523809523809525,0.3154160654160654,0.005812318365051087
BOOKKEEPER,2,0.5650140318054256,0.173841059602649,0.06236559139784946,NAIVE BAYES,OVERSAMPLING,NO,SENSITIVE LEARNING,6,239,197,23,0.024489795918367346,0.20689655172413793,0.26506643467257196,-0.07623674911660773
BOOKKEEPER,3,0.6439759036144578,0.1253507951356408,0.10152284263959391,NAIVE BAYES,OVERSAMPLING,NO,SENSITIVE LEARNING,6,3,528,54,0.6666666666666666,0.1,0.7408035153797866,0.15143958286102938
BOOKKEEPER,4,0.7283896445809566,0.11686746987951807,0.7253634894991923,NAIVE BAYES,OVERSAMPLING,NO,SENSITIVE LEARNING,94,25,145,355,0.7899159663865546,0.20935412026726058,0.33141621904886676,0.03885915090099294
BOOKKEEPER,1,0.49834437086092714,0.0,0.3465346534653465,IBK,OVERSAMPLING,NO,SENSITIVE LEARNING,0,0,198,105,NaN,0.0,0.4263107263107263,0.0
BOOKKEEPER,2,0.5650140318054256,0.173841059602649,0.06236559139784946,IBK,OVERSAMPLING,NO,SENSITIVE LEARNING,1,7,429,28,0.125,0.034482758620689655,0.5219867130654856,0.027835852099635267
BOOKKEEPER,3,0.6439759036144578,0.1253507951356408,0.10152284263959391,IBK,OVERSAMPLING,NO,SENSITIVE LEARNING,2,3,528,58,0.4,0.03333333333333333,0.6299748901443817,0.04664815549385144
BOOKKEEPER,4,0.7283896445809566,0.11686746987951807,0.7253634894991923,IBK,OVERSAMPLING,NO,SENSITIVE LEARNING,5,3,167,444,0.625,0.011135857461024499,0.49217214725533864,-0.003605381230980191
BOOKKEEPER,1,0.49834437086092714,0.0,0.3465346534653465,RANDOM FOREST,SMOTE,NO,NO,0,0,198,105,NaN,0.0,0.5,0.0
BOOKKEEPER,2,0.5650140318054256,0.173841059602649,0.06236559139784946,RANDOM FOREST,SMOTE,NO,NO,20,24,412,9,0.45454545454545453,0.6896551724137931,0.9019297690604239,0.5111967636097221
BOOKKEEPER,3,0.6439759036144578,0.1253507951356408,0.10152284263959391,RANDOM FOREST,SMOTE,NO,NO,22,16,515,38,0.5789473684210527,0.36666666666666664,0.9326741996233522,0.40188912627909545
BOOKKEEPER,4,0.7283896445809566,0.11686746987951807,0.7253634894991923,RANDOM FOREST,SMOTE,NO,NO,56,4,166,393,0.9333333333333333,0.12472160356347439,0.4240665531245906,0.059144457504278505
BOOKKEEPER,1,0.49834437086092714,0.0,0.3465346534653465,NAIVE BAYES,SMOTE,NO,NO,0,0,198,105,NaN,0.0,0.49723424723424725,0.0
BOOKKEEPER,2,0.5650140318054256,0.173841059602649,0.06236559139784946,NAIVE BAYES,SMOTE,NO,NO,4,9,427,25,0.3076923076923077,0.13793103448275862,0.4494226510597912,0.15796761823604552
BOOKKEEPER,3,0.6439759036144578,0.1253507951356408,0.10152284263959391,NAIVE BAYES,SMOTE,NO,NO,1,0,531,59,1.0,0.016666666666666666,0.8171374764595104,0.029556650246305226
BOOKKEEPER,4,0.7283896445809566,0.11686746987951807,0.7253634894991923,NAIVE BAYES,SMOTE,NO,NO,180,87,83,269,0.6741573033707865,0.40089086859688194,0.4312328049259793,-0.0831997955150956
BOOKKEEPER,1,0.49834437086092714,0.0,0.3465346534653465,IBK,SMOTE,NO,NO,0,0,198,105,NaN,0.0,0.5027657527657527,0.0
BOOKKEEPER,2,0.5650140318054256,0.173841059602649,0.06236559139784946,IBK,SMOTE,NO,NO,18,90,346,11,0.16666666666666666,0.6206896551724138,0.7003321733628598,0.18237844048676055
BOOKKEEPER,3,0.6439759036144578,0.1253507951356408,0.10152284263959391,IBK,SMOTE,NO,NO,15,27,504,45,0.35714285714285715,0.25,0.6080508474576272,0.2297165200391006
BOOKKEEPER,4,0.7283896445809566,0.11686746987951807,0.7253634894991923,IBK,SMOTE,NO,NO,77,22,148,372,0.7777777777777778,0.1714922048997773,0.5210402200969475,0.025664176421237684
BOOKKEEPER,1,0.49834437086092714,0.0,0.3465346534653465,RANDOM FOREST,SMOTE,NO,SENSITIVE THRESHOLD,0,0,198,105,NaN,0.0,0.5,0.0
BOOKKEEPER,2,0.5650140318054256,0.173841059602649,0.06236559139784946,RANDOM FOREST,SMOTE,NO,SENSITIVE THRESHOLD,5,0,436,24,1.0,0.1724137931034483,0.5862068965517241,0.28092783505154556
BOOKKEEPER,3,0.6439759036144578,0.1253507951356408,0.10152284263959391,RANDOM FOREST,SMOTE,NO,SENSITIVE THRESHOLD,5,0,531,55,1.0,0.08333333333333333,0.5416666666666666,0.14042046806822694
BOOKKEEPER,4,0.7283896445809566,0.11686746987951807,0.7253634894991923,RANDOM FOREST,SMOTE,NO,SENSITIVE THRESHOLD,9,0,170,440,1.0,0.0200445434298441,0.5100222717149221,0.011110304262580783
BOOKKEEPER,1,0.49834437086092714,0.0,0.3465346534653465,NAIVE BAYES,SMOTE,NO,SENSITIVE THRESHOLD,0,0,198,105,NaN,0.0,0.5,0.0
BOOKKEEPER,2,0.5650140318054256,0.173841059602649,0.06236559139784946,NAIVE BAYES,SMOTE,NO,SENSITIVE THRESHOLD,1,2,434,28,0.3333333333333333,0.034482758620689655,0.5149478013286934,0.0514075887392889
BOOKKEEPER,3,0.6439759036144578,0.1253507951356408,0.10152284263959391,NAIVE BAYES,SMOTE,NO,SENSITIVE THRESHOLD,1,0,531,59,1.0,0.016666666666666666,0.5083333333333333,0.029556650246305226
BOOKKEEPER,4,0.7283896445809566,0.11686746987951807,0.7253634894991923,NAIVE BAYES,SMOTE,NO,SENSITIVE THRESHOLD,100,18,152,349,0.847457627118644,0.22271714922049,0.5584173981396567,0.07279732581252117
BOOKKEEPER,1,0.49834437086092714,0.0,0.3465346534653465,IBK,SMOTE,NO,SENSITIVE THRESHOLD,0,0,198,105,NaN,0.0,0.5,0.0
BOOKKEEPER,2,0.5650140318054256,0.173841059602649,0.06236559139784946,IBK,SMOTE,NO,SENSITIVE THRESHOLD,18,90,346,11,0.16666666666666666,0.6206896551724138,0.7071338184118949,0.18237844048676055
BOOKKEEPER,3,0.6439759036144578,0.1253507951356408,0.10152284263959391,IBK,SMOTE,NO,SENSITIVE THRESHOLD,15,27,504,45,0.35714285714285715,0.25,0.5995762711864406,0.2297165200391006
BOOKKEEPER,4,0.7283896445809566,0.11686746987951807,0.7253634894991923,IBK,SMOTE,NO,SENSITIVE THRESHOLD,77,22,148,372,0.7777777777777778,0.1714922048997773,0.5210402200969475,0.025664176421237684
BOOKKEEPER,1,0.49834437086092714,0.0,0.3465346534653465,RANDOM FOREST,SMOTE,NO,SENSITIVE LEARNING,0,0,198,105,NaN,0.0,0.5,0.0
BOOKKEEPER,2,0.5650140318054256,0.173841059602649,0.06236559139784946,RANDOM FOREST,SMOTE,NO,SENSITIVE LEARNING,0,0,436,29,NaN,0.0,0.8899082568807339,0.0
BOOKKEEPER,3,0.6439759036144578,0.1253507951356408,0.10152284263959391,RANDOM FOREST,SMOTE,NO,SENSITIVE LEARNING,1,0,531,59,1.0,0.016666666666666666,0.921594475831764,0.029556650246305226
BOOKKEEPER,4,0.7283896445809566,0.11686746987951807,0.7253634894991923,RANDOM FOREST,SMOTE,NO,SENSITIVE LEARNING,4,0,170,445,1.0,0.008908685968819599,0.6633368269356741,0.00491302855697847
BOOKKEEPER,1,0.49834437086092714,0.0,0.3465346534653465,NAIVE BAYES,SMOTE,NO,SENSITIVE LEARNING,0,0,198,105,NaN,0.0,0.49973544973544975,0.0
BOOKKEEPER,2,0.5650140318054256,0.173841059602649,0.06236559139784946,NAIVE BAYES,SMOTE,NO,SENSITIVE LEARNING,1,14,422,28,0.06666666666666667,0.034482758620689655,0.2509490667510282,0.003062787136294324
BOOKKEEPER,3,0.6439759036144578,0.1253507951356408,0.10152284263959391,NAIVE BAYES,SMOTE,NO,SENSITIVE LEARNING,1,0,531,59,1.0,0.016666666666666666,0.7473791588198367,0.029556650246305226
BOOKKEEPER,4,0.7283896445809566,0.11686746987951807,0.7253634894991923,NAIVE BAYES,SMOTE,NO,SENSITIVE LEARNING,71,16,154,378,0.8160919540229885,0.15812917594654788,0.3221865583649941,0.03852431226296822
BOOKKEEPER,1,0.49834437086092714,0.0,0.3465346534653465,IBK,SMOTE,NO,SENSITIVE LEARNING,0,0,198,105,NaN,0.0,0.5025493025493025,0.0
BOOKKEEPER,2,0.5650140318054256,0.173841059602649,0.06236559139784946,IBK,SMOTE,NO,SENSITIVE LEARNING,1,9,427,28,0.1,0.034482758620689655,0.5585653274280291,0.019937339789233496
BOOKKEEPER,3,0.6439759036144578,0.1253507951356408,0.10152284263959391,IBK,SMOTE,NO,SENSITIVE LEARNING,3,3,528,57,0.5,0.05,0.6195072190834903,0.07381288199341858
BOOKKEEPER,4,0.7283896445809566,0.11686746987951807,0.7253634894991923,IBK,SMOTE,NO,SENSITIVE LEARNING,5,3,167,444,0.625,0.011135857461024499,0.4951198742303157,-0.003605381230980191
BOOKKEEPER,1,0.49834437086092714,0.0,0.3465346534653465,RANDOM FOREST,NO,BEST FIRST,NO,0,0,198,105,NaN,0.0,0.5,0.0
BOOKKEEPER,2,0.5650140318054256,0.173841059602649,0.06236559139784946,RANDOM FOREST,NO,BEST FIRST,NO,25,13,423,4,0.6578947368421053,0.8620689655172413,0.9130022144890857,0.7269524368761013
BOOKKEEPER,3,0.6439759036144578,0.1253507951356408,0.10152284263959391,RANDOM FOREST,NO,BEST FIRST,NO,45,17,514,15,0.7258064516129032,0.75,0.9394224733207784,0.7075252853298694
BOOKKEEPER,4,0.7283896445809566,0.11686746987951807,0.7253634894991923,RANDOM FOREST,NO,BEST FIRST,NO,96,14,156,353,0.8727272727272727,0.21380846325167038,0.5683872658194681,0.08116776748193054
BOOKKEEPER,1,0.49834437086092714,0.0,0.3465346534653465,NAIVE BAYES,NO,BEST FIRST,NO,0,0,198,105,NaN,0.0,0.5,0.0
BOOKKEEPER,2,0.5650140318054256,0.173841059602649,0.06236559139784946,NAIVE BAYES,NO,BEST FIRST,NO,1,0,436,28,1.0,0.034482758620689655,0.9130022144890857,0.06276993953354494
BOOKKEEPER,3,0.6439759036144578,0.1253507951356408,0.10152284263959391,NAIVE BAYES,NO,BEST FIRST,NO,2,0,531,58,1.0,0.03333333333333333,0.9439422473320779,0.05834844239327471
BOOKKEEPER,4,0.7283896445809566,0.11686746987951807,0.7253634894991923,NAIVE BAYES,NO,BEST FIRST,NO,76,1,169,373,0.987012987012987,0.16926503340757237,0.497897288091183,0.0972594834040429
BOOKKEEPER,1,0.49834437086092714,0.0,0.3465346534653465,IBK,NO,BEST FIRST,NO,0,0,198,105,NaN,0.0,0.5,0.0
BOOKKEEPER,2,0.5650140318054256,0.173841059602649,0.06236559139784946,IBK,NO,BEST FIRST,NO,25,13,423,4,0.6578947368421053,0.8620689655172413,0.9130022144890857,0.7269524368761013
BOOKKEEPER,3,0.6439759036144578,0.1253507951356408,0.10152284263959391,IBK,NO,BEST FIRST,NO,44,17,514,16,0.7213114754098361,0.7333333333333333,0.9394224733207784,0.6961723606113009
BOOKKEEPER,4,0.7283896445809566,0.11686746987951807,0.7253634894991923,IBK,NO,BEST FIRST,NO,89,13,157,360,0.8725490196078431,0.19821826280623608,0.5304336433905411,0.07450104820962591
BOOKKEEPER,1,0.49834437086092714,0.0,0.3465346534653465,RANDOM FOREST,NO,BEST FIRST,SENSITIVE THRESHOLD,0,0,198,105,NaN,0.0,0.5,0.0
BOOKKEEPER,2,0.5650140318054256,0.173841059602649,0.06236559139784946,RANDOM FOREST,NO,BEST FIRST,SENSITIVE THRESHOLD,1,0,436,28,1.0,0.034482758620689655,0.5172413793103449,0.06276993953354494
BOOKKEEPER,3,0.6439759036144578,0.1253507951356408,0.10152284263959391,RANDOM FOREST,NO,BEST FIRST,SENSITIVE THRESHOLD,1,0,531,59,1.0,0.016666666666666666,0.5083333333333333,0.029556650246305226
BOOKKEEPER,4,0.7283896445809566,0.11686746987951807,0.7253634894991923,RANDOM FOREST,NO,BEST FIRST,SENSITIVE THRESHOLD,81,6,164,368,0.9310344827586207,0.18040089086859687,0.572553386610769,0.08733018473692923
BOOKKEEPER,1,0.49834437086092714,0.0,0.3465346534653465,NAIVE BAYES,NO,BEST FIRST,SENSITIVE THRESHOLD,0,0,198,105,NaN,0.0,0.5,0.0
BOOKKEEPER,2,0.5650140318054256,0.173841059602649,0.06236559139784946,NAIVE BAYES,NO,BEST FIRST,SENSITIVE THRESHOLD,1,0,436,28,1.0,0.034482758620689655,0.5172413793103449,0.06276993953354494
BOOKKEEPER,3,0.6439759036144578,0.1253507951356408,0.10152284263959391,NAIVE BAYES,NO,BEST FIRST,SENSITIVE THRESHOLD,2,0,531,58,1.0,0.03333333333333333,0.5166666666666667,0.05834844239327471
BOOKKEEPER,4,0.7283896445809566,0.11686746987951807,0.7253634894991923,NAIVE BAYES,NO,BEST FIRST,SENSITIVE THRESHOLD,76,1,169,373,0.987012987012987,0.16926503340757237,0.5816913402331979,0.0972594834040429
BOOKKEEPER,1,0.49834437086092714,0.0,0.3465346534653465,IBK,NO,BEST FIRST,SENSITIVE THRESHOLD,0,0,198,105,NaN,0.0,0.5,0.0
BOOKKEEPER,2,0.5650140318054256,0.173841059602649,0.06236559139784946,IBK,NO,BEST FIRST,SENSITIVE THRESHOLD,5,6,430,24,0.45454545454545453,0.1724137931034483,0.5793261626067701,0.22336042756931213
BOOKKEEPER,3,0.6439759036144578,0.1253507951356408,0.10152284263959391,IBK,NO,BEST FIRST,SENSITIVE THRESHOLD,1,0,531,59,1.0,0.016666666666666666,0.5083333333333333,0.029556650246305226
BOOKKEEPER,4,0.7283896445809566,0.11686746987951807,0.7253634894991923,IBK,NO,BEST FIRST,SENSITIVE THRESHOLD,89,13,157,360,0.8725490196078431,0.19821826280623608,0.560873837285471,0.07450104820962591
BOOKKEEPER,1,0.49834437086092714,0.0,0.3465346534653465,RANDOM FOREST,NO,BEST FIRST,SENSITIVE LEARNING,0,0,198,105,NaN,0.0,0.5,0.0
BOOKKEEPER,2,0.5650140318054256,0.173841059602649,0.06236559139784946,RANDOM FOREST,NO,BEST FIRST,SENSITIVE LEARNING,1,0,436,28,1.0,0.034482758620689655,0.9130022144890857,0.06276993953354494
BOOKKEEPER,3,0.6439759036144578,0.1253507951356408,0.10152284263959391,RANDOM FOREST,NO,BEST FIRST,SENSITIVE LEARNING,1,0,531,59,1.0,0.016666666666666666,0.9399560577526679,0.029556650246305226
BOOKKEEPER,4,0.7283896445809566,0.11686746987951807,0.7253634894991923,RANDOM FOREST,NO,BEST FIRST,SENSITIVE LEARNING,53,0,170,396,1.0,0.11804008908685969,0.562976549194288,0.06847961572371017
BOOKKEEPER,1,0.49834437086092714,0.0,0.3465346534653465,NAIVE BAYES,NO,BEST FIRST,SENSITIVE LEARNING,0,0,198,105,NaN,0.0,0.5,0.0
BOOKKEEPER,2,0.5650140318054256,0.173841059602649,0.06236559139784946,NAIVE BAYES,NO,BEST FIRST,SENSITIVE LEARNING,1,0,436,28,1.0,0.034482758620689655,0.9130022144890857,0.06276993953354494
BOOKKEEPER,3,0.6439759036144578,0.1253507951356408,0.10152284263959391,NAIVE BAYES,NO,BEST FIRST,SENSITIVE LEARNING,2,0,531,58,1.0,0.03333333333333333,0.9439422473320779,0.05834844239327471
BOOKKEEPER,4,0.7283896445809566,0.11686746987951807,0.7253634894991923,NAIVE BAYES,NO,BEST FIRST,SENSITIVE LEARNING,50,0,170,399,1.0,0.111358574610245,0.497897288091183,0.06439857413980553
BOOKKEEPER,1,0.49834437086092714,0.0,0.3465346534653465,IBK,NO,BEST FIRST,SENSITIVE LEARNING,0,0,198,105,NaN,0.0,0.5,0.0
BOOKKEEPER,2,0.5650140318054256,0.173841059602649,0.06236559139784946,IBK,NO,BEST FIRST,SENSITIVE LEARNING,1,0,436,28,1.0,0.034482758620689655,0.9130022144890857,0.06276993953354494
BOOKKEEPER,3,0.6439759036144578,0.1253507951356408,0.10152284263959391,IBK,NO,BEST FIRST,SENSITIVE LEARNING,1,0,531,59,1.0,0.016666666666666666,0.9394224733207784,0.029556650246305226
BOOKKEEPER,4,0.7283896445809566,0.11686746987951807,0.7253634894991923,IBK,NO,BEST FIRST,SENSITIVE LEARNING,89,13,157,360,0.8725490196078431,0.19821826280623608,0.5304336433905411,0.07450104820962591
BOOKKEEPER,1,0.49834437086092714,0.0,0.3465346534653465,RANDOM FOREST,UNDERSAMPLING,BEST FIRST,NO,0,0,198,105,NaN,0.0,0.5,0.0
BOOKKEEPER,2,0.5650140318054256,0.173841059602649,0.06236559139784946,RANDOM FOREST,UNDERSAMPLING,BEST FIRST,NO,25,13,423,4,0.6578947368421053,0.8620689655172413,0.9130022144890857,0.7269524368761013
BOOKKEEPER,3,0.6439759036144578,0.1253507951356408,0.10152284263959391,RANDOM FOREST,UNDERSAMPLING,BEST FIRST,NO,55,18,513,5,0.7534246575342466,0.9166666666666666,0.9399560577526679,0.805377775868734
BOOKKEEPER,4,0.7283896445809566,0.11686746987951807,0.7253634894991923,RANDOM FOREST,UNDERSAMPLING,BEST FIRST,NO,126,24,146,323,0.84,0.2806236080178174,0.557356216428665,0.0901724408148051
BOOKKEEPER,1,0.49834437086092714,0.0,0.3465346534653465,NAIVE BAYES,UNDERSAMPLING,BEST FIRST,NO,0,0,198,105,NaN,0.0,0.5,0.0
BOOKKEEPER,2,0.5650140318054256,0.173841059602649,0.06236559139784946,NAIVE BAYES,UNDERSAMPLING,BEST FIRST,NO,5,6,430,24,0.45454545454545453,0.1724137931034483,0.9130022144890857,0.22336042756931213
BOOKKEEPER,3,0.6439759036144578,0.1253507951356408,0.10152284263959391,NAIVE BAYES,UNDERSAMPLING,BEST FIRST,NO,12,1,530,48,0.9230769230769231,0.2,0.9439422473320779,0.3035855998845684
BOOKKEEPER,4,0.7283896445809566,0.11686746987951807,0.7253634894991923,NAIVE BAYES,UNDERSAMPLING,BEST FIRST,NO,113,11,159,336,0.9112903225806451,0.2516703786191537,0.5333158653216298,0.11729508701995188
BOOKKEEPER,1,0.49834437086092714,0.0,0.3465346534653465,IBK,UNDERSAMPLING,BEST FIRST,NO,0,0,198,105,NaN,0.0,0.5,0.0
BOOKKEEPER,2,0.5650140318054256,0.173841059602649,0.06236559139784946,IBK,UNDERSAMPLING,BEST FIRST,NO,25,13,423,4,0.6578947368421053,0.8620689655172413,0.9130022144890857,0.7269524368761013
BOOKKEEPER,3,0.6439759036144578,0.1253507951356408,0.10152284263959391,IBK,UNDERSAMPLING,BEST FIRST,NO,55,18,513,5,0.7534246575342466,0.9166666666666666,0.9394224733207784,0.805377775868734
BOOKKEEPER,4,0.7283896445809566,0.11686746987951807,0.7253634894991923,IBK,UNDERSAMPLING,BEST FIRST,NO,131,23,147,318,0.8506493506493507,0.29175946547884185,0.5621184331193502,0.1016576936990615
BOOKKEEPER,1,0.49834437086092714,0.0,0.3465346534653465,RANDOM FOREST,UNDERSAMPLING,BEST FIRST,SENSITIVE THRESHOLD,0,0,198,105,NaN,0.0,0.5,0.0
BOOKKEEPER,2,0.5650140318054256,0.173841059602649,0.06236559139784946,RANDOM FOREST,UNDERSAMPLING,BEST FIRST,SENSITIVE THRESHOLD,5,6,430,24,0.45454545454545453,0.1724137931034483,0.5793261626067701,0.22336042756931213
BOOKKEEPER,3,0.6439759036144578,0.1253507951356408,0.10152284263959391,RANDOM FOREST,UNDERSAMPLING,BEST FIRST,SENSITIVE THRESHOLD,45,17,514,15,0.7258064516129032,0.75,0.8589924670433146,0.7075252853298694
BOOKKEEPER,4,0.7283896445809566,0.11686746987951807,0.7253634894991923,RANDOM FOREST,UNDERSAMPLING,BEST FIRST,SENSITIVE THRESHOLD,89,8,162,360,0.9175257731958762,0.19821826280623608,0.5755797196384121,0.09198462936683831
BOOKKEEPER,1,0.49834437086092714,0.0,0.3465346534653465,NAIVE BAYES,UNDERSAMPLING,BEST FIRST,SENSITIVE THRESHOLD,0,0,198,105,NaN,0.0,0.5,0.0
BOOKKEEPER,2,0.5650140318054256,0.173841059602649,0.06236559139784946,NAIVE BAYES,UNDERSAMPLING,BEST FIRST,SENSITIVE THRESHOLD,1,0,436,28,1.0,0.034482758620689655,0.5172413793103449,0.06276993953354494
BOOKKEEPER,3,0.6439759036144578,0.1253507951356408,0.10152284263959391,NAIVE BAYES,UNDERSAMPLING,BEST FIRST,SENSITIVE THRESHOLD,2,0,531,58,1.0,0.03333333333333333,0.5166666666666667,0.05834844239327471
BOOKKEEPER,4,0.7283896445809566,0.11686746987951807,0.7253634894991923,NAIVE BAYES,UNDERSAMPLING,BEST FIRST,SENSITIVE THRESHOLD,98,6,164,351,0.9423076923076923,0.2182628062360802,0.5914843442945107,0.11221501315710185
BOOKKEEPER,1,0.49834437086092714,0.0,0.3465346534653465,IBK,UNDERSAMPLING,BEST FIRST,SENSITIVE THRESHOLD,0,0,198,105,NaN,0.0,0.5,0.0
BOOKKEEPER,2,0.5650140318054256,0.173841059602649,0.06236559139784946,IBK,UNDERSAMPLING,BEST FIRST,SENSITIVE THRESHOLD,5,6,430,24,0.45454545454545453,0.1724137931034483,0.5793261626067701,0.22336042756931213
BOOKKEEPER,3,0.6439759036144578,0.1253507951356408,0.10152284263959391,IBK,UNDERSAMPLING,BEST FIRST,SENSITIVE THRESHOLD,1,0,531,59,1.0,0.016666666666666666,0.5083333333333333,0.029556650246305226
BOOKKEEPER,4,0.7283896445809566,0.11686746987951807,0.7253634894991923,IBK,UNDERSAMPLING,BEST FIRST,SENSITIVE THRESHOLD,131,23,147,318,0.8506493506493507,0.29175946547884185,0.5782326739158915,0.1016576936990615
BOOKKEEPER,1,0.49834437086092714,0.0,0.3465346534653465,RANDOM FOREST,UNDERSAMPLING,BEST FIRST,SENSITIVE LEARNING,0,0,198,105,NaN,0.0,0.5,0.0
BOOKKEEPER,2,0.5650140318054256,0.173841059602649,0.06236559139784946,RANDOM FOREST,UNDERSAMPLING,BEST FIRST,SENSITIVE LEARNING,25,13,423,4,0.6578947368421053,0.8620689655172413,0.9127649478013287,0.7269524368761013
BOOKKEEPER,3,0.6439759036144578,0.1253507951356408,0.10152284263959391,RANDOM FOREST,UNDERSAMPLING,BEST FIRST,SENSITIVE LEARNING,55,18,513,5,0.7534246575342466,0.9166666666666666,0.943910860012555,0.805377775868734
BOOKKEEPER,4,0.7283896445809566,0.11686746987951807,0.7253634894991923,RANDOM FOREST,UNDERSAMPLING,BEST FIRST,SENSITIVE LEARNING,158,35,135,291,0.8186528497409327,0.3518930957683742,0.5489388182890083,0.0994716267114118
BOOKKEEPER,1,0.49834437086092714,0.0,0.3465346534653465,NAIVE BAYES,UNDERSAMPLING,BEST FIRST,SENSITIVE LEARNING,0,0,198,105,NaN,0.0,0.5,0.0
BOOKKEEPER,2,0.5650140318054256,0.173841059602649,0.06236559139784946,NAIVE BAYES,UNDERSAMPLING,BEST FIRST,SENSITIVE LEARNING,5,6,430,24,0.45454545454545453,0.1724137931034483,0.5795634292945271,0.22336042756931213
BOOKKEEPER,3,0.6439759036144578,0.1253507951356408,0.10152284263959391,NAIVE BAYES,UNDERSAMPLING,BEST FIRST,SENSITIVE LEARNING,1,0,531,59,1.0,0.016666666666666666,0.9439422473320779,0.029556650246305226
BOOKKEEPER,4,0.7283896445809566,0.11686746987951807,0.7253634894991923,NAIVE BAYES,UNDERSAMPLING,BEST FIRST,SENSITIVE LEARNING,153,31,139,296,0.8315217391304348,0.34075723830734966,0.5416153543822875,0.10671903616584656
BOOKKEEPER,1,0.49834437086092714,0.0,0.3465346534653465,IBK,UNDERSAMPLING,BEST FIRST,SENSITIVE LEARNING,0,0,198,105,NaN,0.0,0.5,0.0
BOOKKEEPER,2,0.5650140318054256,0.173841059602649,0.06236559139784946,IBK,UNDERSAMPLING,BEST FIRST,SENSITIVE LEARNING,25,13,423,4,0.6578947368421053,0.8620689655172413,0.9125276811135716,0.7269524368761013
BOOKKEEPER,3,0.6439759036144578,0.1253507951356408,0.10152284263959391,IBK,UNDERSAMPLING,BEST FIRST,SENSITIVE LEARNING,2,0,531,58,1.0,0.03333333333333333,0.5166666666666667,0.05834844239327471
BOOKKEEPER,4,0.7283896445809566,0.11686746987951807,0.7253634894991923,IBK,UNDERSAMPLING,BEST FIRST,SENSITIVE LEARNING,159,40,130,290,0.7989949748743719,0.35412026726057905,0.5596750949823136,0.08156108088665079
BOOKKEEPER,1,0.49834437086092714,0.0,0.3465346534653465,RANDOM FOREST,OVERSAMPLING,BEST FIRST,NO,0,0,198,105,NaN,0.0,0.5,0.0
BOOKKEEPER,2,0.5650140318054256,0.173841059602649,0.06236559139784946,RANDOM FOREST,OVERSAMPLING,BEST FIRST,NO,25,13,423,4,0.6578947368421053,0.8620689655172413,0.9130022144890857,0.7269524368761013
BOOKKEEPER,3,0.6439759036144578,0.1253507951356408,0.10152284263959391,RANDOM FOREST,OVERSAMPLING,BEST FIRST,NO,55,18,513,5,0.7534246575342466,0.9166666666666666,0.9399560577526679,0.805377775868734
BOOKKEEPER,4,0.7283896445809566,0.11686746987951807,0.7253634894991923,RANDOM FOREST,OVERSAMPLING,BEST FIRST,NO,114,22,148,335,0.8382352941176471,0.25389755011135856,0.5585549587318224,0.0791876226628943
BOOKKEEPER,1,0.49834437086092714,0.0,0.3465346534653465,NAIVE BAYES,OVERSAMPLING,BEST FIRST,NO,0,0,198,105,NaN,0.0,0.5,0.0
BOOKKEEPER,2,0.5650140318054256,0.173841059602649,0.06236559139784946,NAIVE BAYES,OVERSAMPLING,BEST FIRST,NO,5,6,430,24,0.45454545454545453,0.1724137931034483,0.9130022144890857,0.22336042756931213
BOOKKEEPER,3,0.6439759036144578,0.1253507951356408,0.10152284263959391,NAIVE BAYES,OVERSAMPLING,BEST FIRST,NO,12,1,530,48,0.9230769230769231,0.2,0.9439422473320779,0.3035855998845684
BOOKKEEPER,4,0.7283896445809566,0.11686746987951807,0.7253634894991923,NAIVE BAYES,OVERSAMPLING,BEST FIRST,NO,89,6,164,360,0.9368421052631579,0.19821826280623608,0.5064587973273942,0.09892373899278517
BOOKKEEPER,1,0.49834437086092714,0.0,0.3465346534653465,IBK,OVERSAMPLING,BEST FIRST,NO,0,0,198,105,NaN,0.0,0.5,0.0
BOOKKEEPER,2,0.5650140318054256,0.173841059602649,0.06236559139784946,IBK,OVERSAMPLING,BEST FIRST,NO,25,13,423,4,0.6578947368421053,0.8620689655172413,0.9130022144890857,0.7269524368761013
BOOKKEEPER,3,0.6439759036144578,0.1253507951356408,0.10152284263959391,IBK,OVERSAMPLING,BEST FIRST,NO,55,18,513,5,0.7534246575342466,0.9166666666666666,0.9394224733207784,0.805377775868734
BOOKKEEPER,4,0.7283896445809566,0.11686746987951807,0.7253634894991923,IBK,OVERSAMPLING,BEST FIRST,NO,103,18,152,346,0.8512396694214877,0.22939866369710468,0.553478317830473,0.07722425175695823
BOOKKEEPER,1,0.49834437086092714,0.0,0.3465346534653465,RANDOM FOREST,OVERSAMPLING,BEST FIRST,SENSITIVE THRESHOLD,0,0,198,105,NaN,0.0,0.5,0.0
BOOKKEEPER,2,0.5650140318054256,0.173841059602649,0.06236559139784946,RANDOM FOREST,OVERSAMPLING,BEST FIRST,SENSITIVE THRESHOLD,5,6,430,24,0.45454545454545453,0.1724137931034483,0.5793261626067701,0.22336042756931213
BOOKKEEPER,3,0.6439759036144578,0.1253507951356408,0.10152284263959391,RANDOM FOREST,OVERSAMPLING,BEST FIRST,SENSITIVE THRESHOLD,45,17,514,15,0.7258064516129032,0.75,0.8589924670433146,0.7075252853298694
BOOKKEEPER,4,0.7283896445809566,0.11686746987951807,0.7253634894991923,RANDOM FOREST,OVERSAMPLING,BEST FIRST,SENSITIVE THRESHOLD,96,16,154,353,0.8571428571428571,0.21380846325167038,0.5598454080964235,0.07407077098948851
BOOKKEEPER,1,0.49834437086092714,0.0,0.3465346534653465,NAIVE BAYES,OVERSAMPLING,BEST FIRST,SENSITIVE THRESHOLD,0,0,198,105,NaN,0.0,0.5,0.0
BOOKKEEPER,2,0.5650140318054256,0.173841059602649,0.06236559139784946,NAIVE BAYES,OVERSAMPLING,BEST FIRST,SENSITIVE THRESHOLD,1,0,436,28,1.0,0.034482758620689655,0.5172413793103449,0.06276993953354494
BOOKKEEPER,3,0.6439759036144578,0.1253507951356408,0.10152284263959391,NAIVE BAYES,OVERSAMPLING,BEST FIRST,SENSITIVE THRESHOLD,2,0,531,58,1.0,0.03333333333333333,0.5166666666666667,0.05834844239327471
BOOKKEEPER,4,0.7283896445809566,0.11686746987951807,0.7253634894991923,NAIVE BAYES,OVERSAMPLING,BEST FIRST,SENSITIVE THRESHOLD,77,1,169,372,0.9871794871794872,0.1714922048997773,0.5828049259793004,0.09869265992372225
BOOKKEEPER,1,0.49834437086092714,0.0,0.3465346534653465,IBK,OVERSAMPLING,BEST FIRST,SENSITIVE THRESHOLD,0,0,198,105,NaN,0.0,0.5,0.0
BOOKKEEPER,2,0.5650140318054256,0.173841059602649,0.06236559139784946,IBK,OVERSAMPLING,BEST FIRST,SENSITIVE THRESHOLD,5,6,430,24,0.45454545454545453,0.1724137931034483,0.5793261626067701,0.22336042756931213
BOOKKEEPER,3,0.6439759036144578,0.1253507951356408,0.10152284263959391,IBK,OVERSAMPLING,BEST FIRST,SENSITIVE THRESHOLD,44,17,514,16,0.7213114754098361,0.7333333333333333,0.8506591337099811,0.6961723606113009
BOOKKEEPER,4,0.7283896445809566,0.11686746987951807,0.7253634894991923,IBK,OVERSAMPLING,BEST FIRST,SENSITIVE THRESHOLD,103,17,153,346,0.8583333333333333,0.22939866369710468,0.5646993318485524,0.08080965101390464
BOOKKEEPER,1,0.49834437086092714,0.0,0.3465346534653465,RANDOM FOREST,OVERSAMPLING,BEST FIRST,SENSITIVE LEARNING,0,0,198,105,NaN,0.0,0.5,0.0
BOOKKEEPER,2,0.5650140318054256,0.173841059602649,0.06236559139784946,RANDOM FOREST,OVERSAMPLING,BEST FIRST,SENSITIVE LEARNING,25,13,423,4,0.6578947368421053,0.8620689655172413,0.9130022144890857,0.7269524368761013
BOOKKEEPER,3,0.6439759036144578,0.1253507951356408,0.10152284263959391,RANDOM FOREST,OVERSAMPLING,BEST FIRST,SENSITIVE LEARNING,0,0,531,60,NaN,0.0,0.05861581920903955,0.0
BOOKKEEPER,4,0.7283896445809566,0.11686746987951807,0.7253634894991923,RANDOM FOREST,OVERSAMPLING,BEST FIRST,SENSITIVE LEARNING,34,0,170,415,1.0,0.0757238307349666,0.5608934887986375,0.04306282478720036
BOOKKEEPER,1,0.49834437086092714,0.0,0.3465346534653465,NAIVE BAYES,OVERSAMPLING,BEST FIRST,SENSITIVE LEARNING,0,0,198,105,NaN,0.0,0.5,0.0
BOOKKEEPER,2,0.5650140318054256,0.173841059602649,0.06236559139784946,NAIVE BAYES,OVERSAMPLING,BEST FIRST,SENSITIVE LEARNING,5,6,430,24,0.45454545454545453,0.1724137931034483,0.9130022144890857,0.22336042756931213
BOOKKEEPER,3,0.6439759036144578,0.1253507951356408,0.10152284263959391,NAIVE BAYES,OVERSAMPLING,BEST FIRST,SENSITIVE LEARNING,1,0,531,59,1.0,0.016666666666666666,0.9439422473320779,0.029556650246305226
BOOKKEEPER,4,0.7283896445809566,0.11686746987951807,0.7253634894991923,NAIVE BAYES,OVERSAMPLING,BEST FIRST,SENSITIVE LEARNING,117,28,142,332,0.8068965517241379,0.26057906458797325,0.4990894798899515,0.061631491182266816
BOOKKEEPER,1,0.49834437086092714,0.0,0.3465346534653465,IBK,OVERSAMPLING,BEST FIRST,SENSITIVE LEARNING,0,0,198,105,NaN,0.0,0.5,0.0
BOOKKEEPER,2,0.5650140318054256,0.173841059602649,0.06236559139784946,IBK,OVERSAMPLING,BEST FIRST,SENSITIVE LEARNING,25,13,423,4,0.6578947368421053,0.8620689655172413,0.9130022144890857,0.7269524368761013
BOOKKEEPER,3,0.6439759036144578,0.1253507951356408,0.10152284263959391,IBK,OVERSAMPLING,BEST FIRST,SENSITIVE LEARNING,1,0,531,59,1.0,0.016666666666666666,0.07725988700564972,0.029556650246305226
BOOKKEEPER,4,0.7283896445809566,0.11686746987951807,0.7253634894991923,IBK,OVERSAMPLING,BEST FIRST,SENSITIVE LEARNING,5,1,169,444,0.8333333333333334,0.011135857461024499,0.5309511332372593,0.002903093858255203
BOOKKEEPER,1,0.49834437086092714,0.0,0.3465346534653465,RANDOM FOREST,SMOTE,BEST FIRST,NO,0,0,198,105,NaN,0.0,0.5,0.0
BOOKKEEPER,2,0.5650140318054256,0.173841059602649,0.06236559139784946,RANDOM FOREST,SMOTE,BEST FIRST,NO,25,13,423,4,0.6578947368421053,0.8620689655172413,0.9130022144890857,0.7269524368761013
BOOKKEEPER,3,0.6439759036144578,0.1253507951356408,0.10152284263959391,RANDOM FOREST,SMOTE,BEST FIRST,NO,55,18,513,5,0.7534246575342466,0.9166666666666666,0.9394224733207784,0.805377775868734
BOOKKEEPER,4,0.7283896445809566,0.11686746987951807,0.7253634894991923,RANDOM FOREST,SMOTE,BEST FIRST,NO,95,14,156,354,0.8715596330275229,0.21158129175946547,0.5733787501637626,0.0797026502908856
BOOKKEEPER,1,0.49834437086092714,0.0,0.3465346534653465,NAIVE BAYES,SMOTE,BEST FIRST,NO,0,0,198,105,NaN,0.0,0.5,0.0
BOOKKEEPER,2,0.5650140318054256,0.173841059602649,0.06236559139784946,NAIVE BAYES,SMOTE,BEST FIRST,NO,5,6,430,24,0.45454545454545453,0.1724137931034483,0.9130022144890857,0.22336042756931213
BOOKKEEPER,3,0.6439759036144578,0.1253507951356408,0.10152284263959391,NAIVE BAYES,SMOTE,BEST FIRST,NO,2,0,531,58,1.0,0.03333333333333333,0.9439422473320779,0.05834844239327471
BOOKKEEPER,4,0.7283896445809566,0.11686746987951807,0.7253634894991923,NAIVE BAYES,SMOTE,BEST FIRST,NO,76,1,169,373,0.987012987012987,0.16926503340757237,0.5039827066684135,0.0972594834040429
BOOKKEEPER,1,0.49834437086092714,0.0,0.3465346534653465,IBK,SMOTE,BEST FIRST,NO,0,0,198,105,NaN,0.0,0.5,0.0
BOOKKEEPER,2,0.5650140318054256,0.173841059602649,0.06236559139784946,IBK,SMOTE,BEST FIRST,NO,25,13,423,4,0.6578947368421053,0.8620689655172413,0.9130022144890857,0.7269524368761013
BOOKKEEPER,3,0.6439759036144578,0.1253507951356408,0.10152284263959391,IBK,SMOTE,BEST FIRST,NO,45,17,514,15,0.7258064516129032,0.75,0.9394224733207784,0.7075252853298694
BOOKKEEPER,4,0.7283896445809566,0.11686746987951807,0.7253634894991923,IBK,SMOTE,BEST FIRST,NO,89,13,157,360,0.8725490196078431,0.19821826280623608,0.5304336433905411,0.07450104820962591
BOOKKEEPER,1,0.49834437086092714,0.0,0.3465346534653465,RANDOM FOREST,SMOTE,BEST FIRST,SENSITIVE THRESHOLD,0,0,198,105,NaN,0.0,0.5,0.0
BOOKKEEPER,2,0.5650140318054256,0.173841059602649,0.06236559139784946,RANDOM FOREST,SMOTE,BEST FIRST,SENSITIVE THRESHOLD,5,6,430,24,0.45454545454545453,0.1724137931034483,0.5793261626067701,0.22336042756931213
BOOKKEEPER,3,0.6439759036144578,0.1253507951356408,0.10152284263959391,RANDOM FOREST,SMOTE,BEST FIRST,SENSITIVE THRESHOLD,1,0,531,59,1.0,0.016666666666666666,0.5083333333333333,0.029556650246305226
BOOKKEEPER,4,0.7283896445809566,0.11686746987951807,0.7253634894991923,RANDOM FOREST,SMOTE,BEST FIRST,SENSITIVE THRESHOLD,84,7,163,365,0.9230769230769231,0.1870824053452116,0.5729529673784881,0.08819919062967745
BOOKKEEPER,1,0.49834437086092714,0.0,0.3465346534653465,NAIVE BAYES,SMOTE,BEST FIRST,SENSITIVE THRESHOLD,0,0,198,105,NaN,0.0,0.5,0.0
BOOKKEEPER,2,0.5650140318054256,0.173841059602649,0.06236559139784946,NAIVE BAYES,SMOTE,BEST FIRST,SENSITIVE THRESHOLD,1,0,436,28,1.0,0.034482758620689655,0.5172413793103449,0.06276993953354494
BOOKKEEPER,3,0.6439759036144578,0.1253507951356408,0.10152284263959391,NAIVE BAYES,SMOTE,BEST FIRST,SENSITIVE THRESHOLD,2,0,531,58,1.0,0.03333333333333333,0.5166666666666667,0.05834844239327471
BOOKKEEPER,4,0.7283896445809566,0.11686746987951807,0.7253634894991923,NAIVE BAYES,SMOTE,BEST FIRST,SENSITIVE THRESHOLD,76,1,169,373,0.987012987012987,0.16926503340757237,0.5816913402331979,0.0972594834040429
BOOKKEEPER,1,0.49834437086092714,0.0,0.3465346534653465,IBK,SMOTE,BEST FIRST,SENSITIVE THRESHOLD,0,0,198,105,NaN,0.0,0.5,0.0
BOOKKEEPER,2,0.5650140318054256,0.173841059602649,0.06236559139784946,IBK,SMOTE,BEST FIRST,SENSITIVE THRESHOLD,5,6,430,24,0.45454545454545453,0.1724137931034483,0.5793261626067701,0.22336042756931213
BOOKKEEPER,3,0.6439759036144578,0.1253507951356408,0.10152284263959391,IBK,SMOTE,BEST FIRST,SENSITIVE THRESHOLD,1,0,531,59,1.0,0.016666666666666666,0.5083333333333333,0.029556650246305226
BOOKKEEPER,4,0.7283896445809566,0.11686746987951807,0.7253634894991923,IBK,SMOTE,BEST FIRST,SENSITIVE THRESHOLD,89,13,157,360,0.8725490196078431,0.19821826280623608,0.560873837285471,0.07450104820962591
BOOKKEEPER,1,0.49834437086092714,0.0,0.3465346534653465,RANDOM FOREST,SMOTE,BEST FIRST,SENSITIVE LEARNING,0,0,198,105,NaN,0.0,0.5,0.0
BOOKKEEPER,2,0.5650140318054256,0.173841059602649,0.06236559139784946,RANDOM FOREST,SMOTE,BEST FIRST,SENSITIVE LEARNING,1,0,436,28,1.0,0.034482758620689655,0.9130022144890857,0.06276993953354494
BOOKKEEPER,3,0.6439759036144578,0.1253507951356408,0.10152284263959391,RANDOM FOREST,SMOTE,BEST FIRST,SENSITIVE LEARNING,0,0,531,60,NaN,0.0,0.09138418079096045,0.0
BOOKKEEPER,4,0.7283896445809566,0.11686746987951807,0.7253634894991923,RANDOM FOREST,SMOTE,BEST FIRST,SENSITIVE LEARNING,15,0,170,434,1.0,0.0334075723830735,0.5785405476221669,0.01863040921145877
BOOKKEEPER,1,0.49834437086092714,0.0,0.3465346534653465,NAIVE BAYES,SMOTE,BEST FIRST,SENSITIVE LEARNING,0,0,198,105,NaN,0.0,0.5,0.0
BOOKKEEPER,2,0.5650140318054256,0.173841059602649,0.06236559139784946,NAIVE BAYES,SMOTE,BEST FIRST,SENSITIVE LEARNING,1,0,436,28,1.0,0.034482758620689655,0.9130022144890857,0.06276993953354494
BOOKKEEPER,3,0.6439759036144578,0.1253507951356408,0.10152284263959391,NAIVE BAYES,SMOTE,BEST FIRST,SENSITIVE LEARNING,0,0,531,60,NaN,0.0,0.9439422473320779,0.0
BOOKKEEPER,4,0.7283896445809566,0.11686746987951807,0.7253634894991923,NAIVE BAYES,SMOTE,BEST FIRST,SENSITIVE LEARNING,61,1,169,388,0.9838709677419355,0.1358574610244989,0.4954801519717018,0.07613003725545109
BOOKKEEPER,1,0.49834437086092714,0.0,0.3465346534653465,IBK,SMOTE,BEST FIRST,SENSITIVE LEARNING,0,0,198,105,NaN,0.0,0.5,0.0
BOOKKEEPER,2,0.5650140318054256,0.173841059602649,0.06236559139784946,IBK,SMOTE,BEST FIRST,SENSITIVE LEARNING,1,0,436,28,1.0,0.034482758620689655,0.9130022144890857,0.06276993953354494
BOOKKEEPER,3,0.6439759036144578,0.1253507951356408,0.10152284263959391,IBK,SMOTE,BEST FIRST,SENSITIVE LEARNING,1,0,531,59,1.0,0.016666666666666666,0.07725988700564972,0.029556650246305226
BOOKKEEPER,4,0.7283896445809566,0.11686746987951807,0.7253634894991923,IBK,SMOTE,BEST FIRST,SENSITIVE LEARNING,6,1,169,443,0.8571428571428571,0.013363028953229399,0.523725926896371,0.004138011000876866
